
-- *** STRUCTURE: `tbl_fields_author` ***
DROP TABLE IF EXISTS `tbl_fields_author`;
CREATE TABLE `tbl_fields_author` (
  `id` int(11) unsigned NOT NULL AUTO_INCREMENT,
  `field_id` int(11) unsigned NOT NULL,
  `allow_author_change` enum('yes','no') COLLATE utf8_unicode_ci NOT NULL,
  `allow_multiple_selection` enum('yes','no') COLLATE utf8_unicode_ci NOT NULL DEFAULT 'no',
  `default_to_current_user` enum('yes','no') COLLATE utf8_unicode_ci NOT NULL,
  PRIMARY KEY (`id`),
  UNIQUE KEY `field_id` (`field_id`)
) ENGINE=MyISAM DEFAULT CHARSET=utf8 COLLATE=utf8_unicode_ci;

-- *** DATA: `tbl_fields_author` ***

-- *** STRUCTURE: `tbl_fields_checkbox` ***
DROP TABLE IF EXISTS `tbl_fields_checkbox`;
CREATE TABLE `tbl_fields_checkbox` (
  `id` int(11) unsigned NOT NULL AUTO_INCREMENT,
  `field_id` int(11) unsigned NOT NULL,
  `default_state` enum('on','off') COLLATE utf8_unicode_ci NOT NULL DEFAULT 'on',
  `description` varchar(255) COLLATE utf8_unicode_ci DEFAULT NULL,
  PRIMARY KEY (`id`),
  KEY `field_id` (`field_id`)
) ENGINE=MyISAM AUTO_INCREMENT=3 DEFAULT CHARSET=utf8 COLLATE=utf8_unicode_ci;

-- *** DATA: `tbl_fields_checkbox` ***
INSERT INTO `tbl_fields_checkbox` (`id`, `field_id`, `default_state`, `description`) VALUES (2, 9, 'off', 'Send me email when there is important news.');

-- *** STRUCTURE: `tbl_fields_date` ***
DROP TABLE IF EXISTS `tbl_fields_date`;
CREATE TABLE `tbl_fields_date` (
  `id` int(11) unsigned NOT NULL AUTO_INCREMENT,
  `field_id` int(11) unsigned NOT NULL,
  `pre_populate` enum('yes','no') COLLATE utf8_unicode_ci NOT NULL DEFAULT 'no',
  PRIMARY KEY (`id`),
  KEY `field_id` (`field_id`)
) ENGINE=MyISAM DEFAULT CHARSET=utf8 COLLATE=utf8_unicode_ci;

-- *** DATA: `tbl_fields_date` ***

-- *** STRUCTURE: `tbl_fields_input` ***
DROP TABLE IF EXISTS `tbl_fields_input`;
CREATE TABLE `tbl_fields_input` (
  `id` int(11) unsigned NOT NULL AUTO_INCREMENT,
  `field_id` int(11) unsigned NOT NULL,
  `validator` varchar(100) COLLATE utf8_unicode_ci DEFAULT NULL,
  PRIMARY KEY (`id`),
  KEY `field_id` (`field_id`)
) ENGINE=MyISAM AUTO_INCREMENT=14 DEFAULT CHARSET=utf8 COLLATE=utf8_unicode_ci;

-- *** DATA: `tbl_fields_input` ***
INSERT INTO `tbl_fields_input` (`id`, `field_id`, `validator`) VALUES (11, 4, '/^\\w(?:\\.?[\\w%+-]+)*@\\w(?:[\\w-]*\\.)+?[a-z]{2,}$/i');
INSERT INTO `tbl_fields_input` (`id`, `field_id`, `validator`) VALUES (9, 5, NULL);
INSERT INTO `tbl_fields_input` (`id`, `field_id`, `validator`) VALUES (10, 6, '/^[^\\s:\\/?#]+:(?:\\/{2,3})?[^\\s.\\/?#]+(?:\\.[^\\s.\\/?#]+)*(?:\\/[^\\s?#]*\\??[^\\s?#]*(#[^\\s#]*)?)?$/');
INSERT INTO `tbl_fields_input` (`id`, `field_id`, `validator`) VALUES (12, 7, NULL);
INSERT INTO `tbl_fields_input` (`id`, `field_id`, `validator`) VALUES (13, 8, NULL);

-- *** STRUCTURE: `tbl_fields_member` ***
DROP TABLE IF EXISTS `tbl_fields_member`;
CREATE TABLE `tbl_fields_member` (
  `id` int(11) unsigned NOT NULL AUTO_INCREMENT,
  `field_id` int(11) unsigned NOT NULL,
  PRIMARY KEY (`id`),
  UNIQUE KEY `field_id` (`field_id`)
) ENGINE=MyISAM AUTO_INCREMENT=4 DEFAULT CHARSET=utf8 COLLATE=utf8_unicode_ci;

-- *** DATA: `tbl_fields_member` ***
INSERT INTO `tbl_fields_member` (`id`, `field_id`) VALUES (3, 1);

-- *** STRUCTURE: `tbl_fields_memberlink` ***
DROP TABLE IF EXISTS `tbl_fields_memberlink`;
CREATE TABLE `tbl_fields_memberlink` (
  `id` int(11) unsigned NOT NULL AUTO_INCREMENT,
  `field_id` int(11) unsigned NOT NULL,
  `allow_multiple` enum('yes','no') COLLATE utf8_unicode_ci NOT NULL DEFAULT 'no',
  PRIMARY KEY (`id`),
  UNIQUE KEY `field_id` (`field_id`)
) ENGINE=MyISAM DEFAULT CHARSET=utf8 COLLATE=utf8_unicode_ci;

-- *** DATA: `tbl_fields_memberlink` ***

-- *** STRUCTURE: `tbl_fields_memberrole` ***
DROP TABLE IF EXISTS `tbl_fields_memberrole`;
CREATE TABLE `tbl_fields_memberrole` (
  `id` int(11) unsigned NOT NULL AUTO_INCREMENT,
  `field_id` int(11) unsigned NOT NULL,
  PRIMARY KEY (`id`),
  UNIQUE KEY `field_id` (`field_id`)
) ENGINE=MyISAM AUTO_INCREMENT=4 DEFAULT CHARSET=utf8 COLLATE=utf8_unicode_ci;

-- *** DATA: `tbl_fields_memberrole` ***
INSERT INTO `tbl_fields_memberrole` (`id`, `field_id`) VALUES (3, 2);

-- *** STRUCTURE: `tbl_fields_number` ***
DROP TABLE IF EXISTS `tbl_fields_number`;
CREATE TABLE `tbl_fields_number` (
  `id` int(11) unsigned NOT NULL AUTO_INCREMENT,
  `field_id` int(11) unsigned NOT NULL,
  PRIMARY KEY (`id`),
  UNIQUE KEY `field_id` (`field_id`)
) ENGINE=MyISAM DEFAULT CHARSET=utf8 COLLATE=utf8_unicode_ci;

-- *** DATA: `tbl_fields_number` ***

-- *** STRUCTURE: `tbl_fields_select` ***
DROP TABLE IF EXISTS `tbl_fields_select`;
CREATE TABLE `tbl_fields_select` (
  `id` int(11) unsigned NOT NULL AUTO_INCREMENT,
  `field_id` int(11) unsigned NOT NULL,
  `allow_multiple_selection` enum('yes','no') COLLATE utf8_unicode_ci NOT NULL DEFAULT 'no',
  `static_options` text COLLATE utf8_unicode_ci,
  `dynamic_options` int(11) unsigned DEFAULT NULL,
  PRIMARY KEY (`id`),
  KEY `field_id` (`field_id`)
) ENGINE=MyISAM DEFAULT CHARSET=utf8 COLLATE=utf8_unicode_ci;

-- *** DATA: `tbl_fields_select` ***

-- *** STRUCTURE: `tbl_fields_selectbox_link` ***
DROP TABLE IF EXISTS `tbl_fields_selectbox_link`;
CREATE TABLE `tbl_fields_selectbox_link` (
  `id` int(11) unsigned NOT NULL AUTO_INCREMENT,
  `field_id` int(11) unsigned NOT NULL,
  `allow_multiple_selection` enum('yes','no') COLLATE utf8_unicode_ci NOT NULL DEFAULT 'no',
  `related_field_id` varchar(255) COLLATE utf8_unicode_ci NOT NULL,
  `limit` int(4) unsigned NOT NULL DEFAULT '20',
  PRIMARY KEY (`id`),
  KEY `field_id` (`field_id`)
) ENGINE=MyISAM DEFAULT CHARSET=utf8 COLLATE=utf8_unicode_ci;

-- *** DATA: `tbl_fields_selectbox_link` ***

-- *** STRUCTURE: `tbl_fields_taglist` ***
DROP TABLE IF EXISTS `tbl_fields_taglist`;
CREATE TABLE `tbl_fields_taglist` (
  `id` int(11) unsigned NOT NULL AUTO_INCREMENT,
  `field_id` int(11) unsigned NOT NULL,
  `validator` varchar(100) COLLATE utf8_unicode_ci DEFAULT NULL,
  `pre_populate_source` varchar(15) COLLATE utf8_unicode_ci DEFAULT NULL,
  PRIMARY KEY (`id`),
  KEY `field_id` (`field_id`),
  KEY `pre_populate_source` (`pre_populate_source`)
) ENGINE=MyISAM DEFAULT CHARSET=utf8 COLLATE=utf8_unicode_ci;

-- *** DATA: `tbl_fields_taglist` ***

-- *** STRUCTURE: `tbl_fields_textarea` ***
DROP TABLE IF EXISTS `tbl_fields_textarea`;
CREATE TABLE `tbl_fields_textarea` (
  `id` int(11) unsigned NOT NULL AUTO_INCREMENT,
  `field_id` int(11) unsigned NOT NULL,
  `formatter` varchar(100) COLLATE utf8_unicode_ci DEFAULT NULL,
  `size` int(3) unsigned NOT NULL,
  PRIMARY KEY (`id`),
  KEY `field_id` (`field_id`)
) ENGINE=MyISAM DEFAULT CHARSET=utf8 COLLATE=utf8_unicode_ci;

-- *** DATA: `tbl_fields_textarea` ***

-- *** STRUCTURE: `tbl_fields_upload` ***
DROP TABLE IF EXISTS `tbl_fields_upload`;
CREATE TABLE `tbl_fields_upload` (
  `id` int(11) unsigned NOT NULL AUTO_INCREMENT,
  `field_id` int(11) unsigned NOT NULL,
  `destination` varchar(255) COLLATE utf8_unicode_ci NOT NULL,
  `validator` varchar(50) COLLATE utf8_unicode_ci DEFAULT NULL,
  PRIMARY KEY (`id`),
  KEY `field_id` (`field_id`)
) ENGINE=MyISAM DEFAULT CHARSET=utf8 COLLATE=utf8_unicode_ci;

-- *** DATA: `tbl_fields_upload` ***

-- *** STRUCTURE: `tbl_entries_data_1` ***
DROP TABLE IF EXISTS `tbl_entries_data_1`;
CREATE TABLE `tbl_entries_data_1` (
  `id` int(11) unsigned NOT NULL AUTO_INCREMENT,
  `entry_id` int(11) unsigned NOT NULL,
  `username` varchar(50) COLLATE utf8_unicode_ci DEFAULT NULL,
  `password` varchar(32) COLLATE utf8_unicode_ci DEFAULT NULL,
  PRIMARY KEY (`id`),
  KEY `entry_id` (`entry_id`),
  KEY `username` (`username`)
) ENGINE=MyISAM DEFAULT CHARSET=utf8 COLLATE=utf8_unicode_ci;

-- *** DATA: `tbl_entries_data_1` ***

-- *** STRUCTURE: `tbl_entries_data_10` ***
DROP TABLE IF EXISTS `tbl_entries_data_10`;
CREATE TABLE `tbl_entries_data_10` (
  `id` int(11) unsigned NOT NULL AUTO_INCREMENT,
  `entry_id` int(11) unsigned NOT NULL,
  `value` double DEFAULT NULL,
  PRIMARY KEY (`id`),
  KEY `entry_id` (`entry_id`),
  KEY `value` (`value`)
) ENGINE=MyISAM DEFAULT CHARSET=utf8 COLLATE=utf8_unicode_ci;

-- *** DATA: `tbl_entries_data_10` ***

-- *** STRUCTURE: `tbl_entries_data_2` ***
DROP TABLE IF EXISTS `tbl_entries_data_2`;
CREATE TABLE `tbl_entries_data_2` (
  `id` int(11) unsigned NOT NULL AUTO_INCREMENT,
  `entry_id` int(11) unsigned NOT NULL,
  `role_id` int(11) unsigned NOT NULL,
  PRIMARY KEY (`id`),
  KEY `entry_id` (`entry_id`,`role_id`)
) ENGINE=MyISAM DEFAULT CHARSET=utf8 COLLATE=utf8_unicode_ci;

-- *** DATA: `tbl_entries_data_2` ***

-- *** STRUCTURE: `tbl_entries_data_4` ***
DROP TABLE IF EXISTS `tbl_entries_data_4`;
CREATE TABLE `tbl_entries_data_4` (
  `id` int(11) unsigned NOT NULL AUTO_INCREMENT,
  `entry_id` int(11) unsigned NOT NULL,
  `handle` varchar(255) COLLATE utf8_unicode_ci DEFAULT NULL,
  `value` varchar(255) COLLATE utf8_unicode_ci DEFAULT NULL,
  PRIMARY KEY (`id`),
  KEY `entry_id` (`entry_id`),
  KEY `handle` (`handle`),
  KEY `value` (`value`)
) ENGINE=MyISAM DEFAULT CHARSET=utf8 COLLATE=utf8_unicode_ci;

-- *** DATA: `tbl_entries_data_4` ***

-- *** STRUCTURE: `tbl_entries_data_5` ***
DROP TABLE IF EXISTS `tbl_entries_data_5`;
CREATE TABLE `tbl_entries_data_5` (
  `id` int(11) unsigned NOT NULL AUTO_INCREMENT,
  `entry_id` int(11) unsigned NOT NULL,
  `handle` varchar(255) COLLATE utf8_unicode_ci DEFAULT NULL,
  `value` varchar(255) COLLATE utf8_unicode_ci DEFAULT NULL,
  PRIMARY KEY (`id`),
  KEY `entry_id` (`entry_id`),
  KEY `handle` (`handle`),
  KEY `value` (`value`)
) ENGINE=MyISAM DEFAULT CHARSET=utf8 COLLATE=utf8_unicode_ci;

-- *** DATA: `tbl_entries_data_5` ***

-- *** STRUCTURE: `tbl_entries_data_6` ***
DROP TABLE IF EXISTS `tbl_entries_data_6`;
CREATE TABLE `tbl_entries_data_6` (
  `id` int(11) unsigned NOT NULL AUTO_INCREMENT,
  `entry_id` int(11) unsigned NOT NULL,
  `handle` varchar(255) COLLATE utf8_unicode_ci DEFAULT NULL,
  `value` varchar(255) COLLATE utf8_unicode_ci DEFAULT NULL,
  PRIMARY KEY (`id`),
  KEY `entry_id` (`entry_id`),
  KEY `handle` (`handle`),
  KEY `value` (`value`)
) ENGINE=MyISAM DEFAULT CHARSET=utf8 COLLATE=utf8_unicode_ci;

-- *** DATA: `tbl_entries_data_6` ***

-- *** STRUCTURE: `tbl_entries_data_7` ***
DROP TABLE IF EXISTS `tbl_entries_data_7`;
CREATE TABLE `tbl_entries_data_7` (
  `id` int(11) unsigned NOT NULL AUTO_INCREMENT,
  `entry_id` int(11) unsigned NOT NULL,
  `handle` varchar(255) COLLATE utf8_unicode_ci DEFAULT NULL,
  `value` varchar(255) COLLATE utf8_unicode_ci DEFAULT NULL,
  PRIMARY KEY (`id`),
  KEY `entry_id` (`entry_id`),
  KEY `handle` (`handle`),
  KEY `value` (`value`)
) ENGINE=MyISAM DEFAULT CHARSET=utf8 COLLATE=utf8_unicode_ci;

-- *** DATA: `tbl_entries_data_7` ***

-- *** STRUCTURE: `tbl_entries_data_8` ***
DROP TABLE IF EXISTS `tbl_entries_data_8`;
CREATE TABLE `tbl_entries_data_8` (
  `id` int(11) unsigned NOT NULL AUTO_INCREMENT,
  `entry_id` int(11) unsigned NOT NULL,
  `handle` varchar(255) COLLATE utf8_unicode_ci DEFAULT NULL,
  `value` varchar(255) COLLATE utf8_unicode_ci DEFAULT NULL,
  PRIMARY KEY (`id`),
  KEY `entry_id` (`entry_id`),
  KEY `handle` (`handle`),
  KEY `value` (`value`)
) ENGINE=MyISAM DEFAULT CHARSET=utf8 COLLATE=utf8_unicode_ci;

-- *** DATA: `tbl_entries_data_8` ***

-- *** STRUCTURE: `tbl_entries_data_9` ***
DROP TABLE IF EXISTS `tbl_entries_data_9`;
CREATE TABLE `tbl_entries_data_9` (
  `id` int(11) unsigned NOT NULL AUTO_INCREMENT,
  `entry_id` int(11) unsigned NOT NULL,
  `value` enum('yes','no') COLLATE utf8_unicode_ci NOT NULL DEFAULT 'no',
  PRIMARY KEY (`id`),
  KEY `entry_id` (`entry_id`),
  KEY `value` (`value`)
) ENGINE=MyISAM DEFAULT CHARSET=utf8 COLLATE=utf8_unicode_ci;

-- *** DATA: `tbl_entries_data_9` ***

-- *** DATA: `tbl_entries` ***

-- *** DATA: `tbl_extensions` ***
INSERT INTO `tbl_extensions` (`id`, `name`, `status`, `version`) VALUES (1, 'debugdevkit', 'enabled', '1.0.8');
INSERT INTO `tbl_extensions` (`id`, `name`, `status`, `version`) VALUES (15, 'export_ensemble', 'disabled', 1.11);
INSERT INTO `tbl_extensions` (`id`, `name`, `status`, `version`) VALUES (3, 'selectbox_link_field', 'enabled', 1.18);
INSERT INTO `tbl_extensions` (`id`, `name`, `status`, `version`) VALUES (4, 'jit_image_manipulation', 'enabled', 1.08);
INSERT INTO `tbl_extensions` (`id`, `name`, `status`, `version`) VALUES (5, 'maintenance_mode', 'enabled', 1.2);
INSERT INTO `tbl_extensions` (`id`, `name`, `status`, `version`) VALUES (6, 'profiledevkit', 'enabled', '1.0.4');
INSERT INTO `tbl_extensions` (`id`, `name`, `status`, `version`) VALUES (7, 'markdown', 'enabled', 1.10);
INSERT INTO `tbl_extensions` (`id`, `name`, `status`, `version`) VALUES (8, 'asdc', 'enabled', 1.3);
INSERT INTO `tbl_extensions` (`id`, `name`, `status`, `version`) VALUES (9, 'content_type_mappings', 'enabled', 1.3);
INSERT INTO `tbl_extensions` (`id`, `name`, `status`, `version`) VALUES (10, 'numberfield', 'enabled', 1.4);
INSERT INTO `tbl_extensions` (`id`, `name`, `status`, `version`) VALUES (11, 'forum', 'enabled', 1.0);
INSERT INTO `tbl_extensions` (`id`, `name`, `status`, `version`) VALUES (12, 'members', 'enabled', '1.2.1beta');
INSERT INTO `tbl_extensions` (`id`, `name`, `status`, `version`) VALUES (14, 'smtp_email_library', 'enabled', 1.1);
INSERT INTO `tbl_extensions` (`id`, `name`, `status`, `version`) VALUES (16, 'export_install_file', 'enabled', 1.1);

-- *** DATA: `tbl_extensions_delegates` ***
INSERT INTO `tbl_extensions_delegates` (`id`, `extension_id`, `page`, `delegate`, `callback`) VALUES (1, 1, '/frontend/', 'FrontendDevKitResolve', 'frontendDevKitResolve');
INSERT INTO `tbl_extensions_delegates` (`id`, `extension_id`, `page`, `delegate`, `callback`) VALUES (2, 1, '/frontend/', 'ManipulateDevKitNavigation', 'manipulateDevKitNavigation');
INSERT INTO `tbl_extensions_delegates` (`id`, `extension_id`, `page`, `delegate`, `callback`) VALUES (40, 16, '/system/preferences/', 'AddCustomPreferenceFieldsets', 'appendPreferences');
INSERT INTO `tbl_extensions_delegates` (`id`, `extension_id`, `page`, `delegate`, `callback`) VALUES (4, 4, '/system/preferences/', 'AddCustomPreferenceFieldsets', 'appendPreferences');
INSERT INTO `tbl_extensions_delegates` (`id`, `extension_id`, `page`, `delegate`, `callback`) VALUES (5, 4, '/system/preferences/', 'Save', '__SavePreferences');
INSERT INTO `tbl_extensions_delegates` (`id`, `extension_id`, `page`, `delegate`, `callback`) VALUES (6, 5, '/system/preferences/', 'AddCustomPreferenceFieldsets', 'appendPreferences');
INSERT INTO `tbl_extensions_delegates` (`id`, `extension_id`, `page`, `delegate`, `callback`) VALUES (7, 5, '/system/preferences/', 'Save', '__SavePreferences');
INSERT INTO `tbl_extensions_delegates` (`id`, `extension_id`, `page`, `delegate`, `callback`) VALUES (8, 5, '/system/preferences/', 'CustomActions', '__toggleMaintenanceMode');
INSERT INTO `tbl_extensions_delegates` (`id`, `extension_id`, `page`, `delegate`, `callback`) VALUES (9, 5, '/frontend/', 'FrontendPrePageResolve', '__checkForMaintenanceMode');
INSERT INTO `tbl_extensions_delegates` (`id`, `extension_id`, `page`, `delegate`, `callback`) VALUES (10, 5, '/frontend/', 'FrontendParamsResolve', '__addParam');
INSERT INTO `tbl_extensions_delegates` (`id`, `extension_id`, `page`, `delegate`, `callback`) VALUES (11, 5, '/backend/', 'AppendPageAlert', '__appendAlert');
INSERT INTO `tbl_extensions_delegates` (`id`, `extension_id`, `page`, `delegate`, `callback`) VALUES (12, 6, '/frontend/', 'FrontendDevKitResolve', 'frontendDevKitResolve');
INSERT INTO `tbl_extensions_delegates` (`id`, `extension_id`, `page`, `delegate`, `callback`) VALUES (13, 6, '/frontend/', 'ManipulateDevKitNavigation', 'manipulateDevKitNavigation');
INSERT INTO `tbl_extensions_delegates` (`id`, `extension_id`, `page`, `delegate`, `callback`) VALUES (14, 9, '/frontend/', 'FrontendPreRenderHeaders', 'setContentType');
INSERT INTO `tbl_extensions_delegates` (`id`, `extension_id`, `page`, `delegate`, `callback`) VALUES (15, 11, '/system/preferences/', 'AddCustomPreferenceFieldsets', 'appendPreferences');
INSERT INTO `tbl_extensions_delegates` (`id`, `extension_id`, `page`, `delegate`, `callback`) VALUES (16, 11, '/extension/members/new/', 'MemberRolePermissionFieldsetsNew', 'appendMemberRolePermissionFieldsets');
INSERT INTO `tbl_extensions_delegates` (`id`, `extension_id`, `page`, `delegate`, `callback`) VALUES (17, 11, '/extension/members/edit/', 'MemberRolePermissionFieldsetsEdit', 'appendMemberRolePermissionFieldsets');
INSERT INTO `tbl_extensions_delegates` (`id`, `extension_id`, `page`, `delegate`, `callback`) VALUES (18, 12, '/frontend/', 'FrontendPageResolved', 'cbCheckFrontendPagePermissions');
INSERT INTO `tbl_extensions_delegates` (`id`, `extension_id`, `page`, `delegate`, `callback`) VALUES (19, 12, '/frontend/', 'FrontendParamsResolve', 'cbAddParamsToPage');
INSERT INTO `tbl_extensions_delegates` (`id`, `extension_id`, `page`, `delegate`, `callback`) VALUES (20, 12, '/frontend/', 'FrontendParamsResolve', 'cbAddMemberDetailsToPageParams');
INSERT INTO `tbl_extensions_delegates` (`id`, `extension_id`, `page`, `delegate`, `callback`) VALUES (21, 12, '/frontend/', 'FrontendProcessEvents', 'appendLoginStatusToEventXML');
INSERT INTO `tbl_extensions_delegates` (`id`, `extension_id`, `page`, `delegate`, `callback`) VALUES (22, 12, '/frontend/', 'EventPostSaveFilter', 'processEventData');
INSERT INTO `tbl_extensions_delegates` (`id`, `extension_id`, `page`, `delegate`, `callback`) VALUES (23, 12, '/frontend/', 'EventPreSaveFilter', 'checkEventPermissions');
INSERT INTO `tbl_extensions_delegates` (`id`, `extension_id`, `page`, `delegate`, `callback`) VALUES (24, 12, '/publish/new/', 'EntryPostCreate', 'cbEmailNewMember');
INSERT INTO `tbl_extensions_delegates` (`id`, `extension_id`, `page`, `delegate`, `callback`) VALUES (37, 14, '/blueprints/events/edit/', 'AppendEventFilterDocumentation', 'cbAppendEventFilterDocumentation');
INSERT INTO `tbl_extensions_delegates` (`id`, `extension_id`, `page`, `delegate`, `callback`) VALUES (36, 14, '/blueprints/events/new/', 'AppendEventFilterDocumentation', 'cbAppendEventFilterDocumentation');
INSERT INTO `tbl_extensions_delegates` (`id`, `extension_id`, `page`, `delegate`, `callback`) VALUES (35, 14, '/blueprints/events/edit/', 'AppendEventFilter', 'cbAddFilterToEventEditor');
INSERT INTO `tbl_extensions_delegates` (`id`, `extension_id`, `page`, `delegate`, `callback`) VALUES (34, 14, '/blueprints/events/new/', 'AppendEventFilter', 'cbAddFilterToEventEditor');
INSERT INTO `tbl_extensions_delegates` (`id`, `extension_id`, `page`, `delegate`, `callback`) VALUES (33, 14, '/system/preferences/', 'Save', 'cbSavePreferences');
INSERT INTO `tbl_extensions_delegates` (`id`, `extension_id`, `page`, `delegate`, `callback`) VALUES (32, 14, '/system/preferences/', 'AddCustomPreferenceFieldsets', 'cbAppendPreferences');
INSERT INTO `tbl_extensions_delegates` (`id`, `extension_id`, `page`, `delegate`, `callback`) VALUES (38, 14, '/frontend/', 'EventPostSaveFilter', 'cbSendEmailSMTPFilter');

-- *** DATA: `tbl_fields` ***
INSERT INTO `tbl_fields` (`id`, `label`, `element_name`, `type`, `parent_section`, `required`, `sortorder`, `location`, `show_column`) VALUES (1, 'Username and Password', 'username-and-password', 'member', 1, 'yes', 1, 'main', 'yes');
INSERT INTO `tbl_fields` (`id`, `label`, `element_name`, `type`, `parent_section`, `required`, `sortorder`, `location`, `show_column`) VALUES (2, 'Role', 'role', 'memberrole', 1, 'no', 4, 'sidebar', 'yes');
INSERT INTO `tbl_fields` (`id`, `label`, `element_name`, `type`, `parent_section`, `required`, `sortorder`, `location`, `show_column`) VALUES (10, 'Timezone Offset', 'timezone-offset', 'number', 1, 'no', 7, 'sidebar', 'yes');
INSERT INTO `tbl_fields` (`id`, `label`, `element_name`, `type`, `parent_section`, `required`, `sortorder`, `location`, `show_column`) VALUES (4, 'Email Address', 'email-address', 'input', 1, 'yes', 3, 'main', 'yes');
INSERT INTO `tbl_fields` (`id`, `label`, `element_name`, `type`, `parent_section`, `required`, `sortorder`, `location`, `show_column`) VALUES (5, 'Name', 'name', 'input', 1, 'no', 0, 'main', 'yes');
INSERT INTO `tbl_fields` (`id`, `label`, `element_name`, `type`, `parent_section`, `required`, `sortorder`, `location`, `show_column`) VALUES (6, 'Website', 'website', 'input', 1, 'no', 2, 'main', 'yes');
INSERT INTO `tbl_fields` (`id`, `label`, `element_name`, `type`, `parent_section`, `required`, `sortorder`, `location`, `show_column`) VALUES (7, 'Location', 'location', 'input', 1, 'no', 5, 'sidebar', 'yes');
INSERT INTO `tbl_fields` (`id`, `label`, `element_name`, `type`, `parent_section`, `required`, `sortorder`, `location`, `show_column`) VALUES (8, 'City', 'city', 'input', 1, 'no', 6, 'sidebar', 'yes');
INSERT INTO `tbl_fields` (`id`, `label`, `element_name`, `type`, `parent_section`, `required`, `sortorder`, `location`, `show_column`) VALUES (9, 'Email Opt-in', 'email-opt-in', 'checkbox', 1, 'no', 8, 'sidebar', 'yes');

-- *** DATA: `tbl_pages` ***
INSERT INTO `tbl_pages` (`id`, `parent`, `title`, `handle`, `path`, `params`, `data_sources`, `events`, `sortorder`) VALUES (1, NULL, 'Home', 'home', NULL, NULL, NULL, NULL, 1);

-- *** DATA: `tbl_pages_types` ***
INSERT INTO `tbl_pages_types` (`id`, `page_id`, `type`) VALUES (1, 1, 'index');

-- *** DATA: `tbl_sections` ***
INSERT INTO `tbl_sections` (`id`, `name`, `handle`, `sortorder`, `entry_order`, `entry_order_direction`, `hidden`, `navigation_group`) VALUES (1, 'Members', 'members', 999, NULL, 'asc', 'no', 'Content');

-- *** DATA: `tbl_sections_association` ***

-- *** DATA: `tbl_members_roles` ***
INSERT INTO `tbl_members_roles` (`id`, `name`) VALUES (1, 'Guest');
INSERT INTO `tbl_members_roles` (`id`, `name`) VALUES (2, 'Inactive');

-- *** DATA: `tbl_members_roles_event_permissions` ***
